Fecha Transacción,Recorrido,Rendimiento_kmpl,TON C02,num_vehículos
2021-01-01,339.0,1699.92643532372,4.195835099999999,12
2021-01-02,331.3,1719.6417567204107,5.640276329999998,27
2021-01-03,514.8095238095239,2315.5886153086385,4.711120739999998,21
2021-01-04,329.21875,1967.777809516232,7.076897729999998,30
2021-01-05,656.2413793103449,1546.320532805393,6.944832179999999,29
2021-01-06,1290.7837837837837,1705.5926110447267,6.997464719999998,34
2021-01-07,20254.697674418603,1630.028989880551,11.203129079999998,39
2021-01-08,258.70588235294116,1802.9466545476478,4.310251559999998,33
2021-01-09,260.7586206896552,2336.225481801061,6.798361679999998,27
2021-01-10,396.3333333333333,1416.0541848116472,3.2576491799999996,15
2021-01-11,1151.8333333333333,1832.8843859953206,5.954037929999998,33
2021-01-12,373.75757575757575,1554.7498837764447,6.8156718299999985,32
2021-01-13,1408.9756097560976,2199.027867442185,6.263320679999999,40
2021-01-14,273.2,1706.0908758549651,5.5101717899999985,33
2021-01-15,391.7,1931.4484949232663,7.621840619999999,29
2021-01-16,331.8292682926829,1391.1058924035194,8.954141129999998,40
2021-01-17,296.3666666666667,1763.1920144998708,5.184014669999998,29
2021-01-18,323.2413793103448,1921.5425938727633,5.231199959999999,29
2021-01-19,311.6666666666667,1457.898513164344,7.788308579999999,31
2021-01-20,282.7352941176471,1451.9652362835677,6.020881739999998,34
2021-01-21,272.1463414634146,1576.4578478107921,7.485368849999998,40
2021-01-22,288.7631578947368,1998.2420586388705,6.466418369999998,36
2021-01-23,17816.51219512195,1846.4975895120601,8.394696449999998,38
2021-01-24,238.35714285714286,1926.843438174837,4.776390899999999,27
2021-01-25,305.48837209302326,1912.8632929055948,7.001919359999998,42
2021-01-26,1469.7631578947369,2108.101318120618,8.418567509999997,37
2021-01-27,915.125,2320.734654759955,4.917995189999998,31
2021-01-28,268.0,1429.9926672334234,9.237737069999998,45
2021-01-29,3049.25641025641,1890.6089351885446,7.543327589999998,36
2021-01-30,293.3125,2725.7953430669822,6.336967499999998,31
2021-01-31,16779.35714285714,2593.1604276104017,4.9009271399999985,28
2021-02-01,80.0,2053.6253776435046,0.06410808,1
2021-02-02,167051.25,5547.162882260594,0.3584048399999999,4
2021-02-03,187.6,3111.7257214940078,0.49937966999999966,5
2021-02-04,393.6666666666667,2159.6231506171853,3.1836634199999994,14
2021-02-05,5851.807692307692,2769.208720415775,4.2150094199999995,24
2021-02-06,1073.1538461538462,6607.288939199286,1.4514379199999996,12
2021-02-07,2650.0,1952.5335721924005,3.5348778899999993,22
2021-02-08,22775.0,3678.337965642173,4.195375109999999,26
2021-02-09,326.7857142857143,1675.9920057287818,3.785451389999999,26
2021-02-10,288.54901960784315,2547.450134832721,10.252571849999997,47
2021-02-11,392.72972972972974,1954.0997208598742,5.111457299999998,34
2021-02-12,3287.0,1879.5308312564302,7.230728069999999,32
2021-02-13,369.17241379310343,2275.5825975204366,4.4389034999999994,29
2021-02-14,296.65384615384613,2204.2050949020895,6.021801719999999,23
2021-02-15,303.0,1564.656976265803,4.158091709999999,24
2021-02-16,19423.14285714286,3138.574709427196,4.840498979999999,34
2021-02-17,278.77142857142854,1910.5541196527188,5.972292269999999,35
2021-02-18,274.57575757575756,3046.1602458796956,5.2778768399999985,31
2021-02-19,607.5945945945946,4199.167477936253,4.787842229999999,36
2021-02-20,277.3703703703704,1849.9976978097877,3.7169370899999987,26
2021-02-21,420.875,1760.7221881200637,4.508386199999999,24
2021-02-22,287.4193548387097,2257.027188071231,4.475509019999999,29
2021-02-23,253.87179487179486,2323.19047346106,5.502303539999999,36
2021-02-24,388.5,2312.638754089613,4.103885519999999,30
2021-02-25,285.6969696969697,1738.3728416930849,5.909951519999999,31
2021-02-26,2001.0,2598.440843808594,8.707586489999997,43
2021-02-27,407.3333333333333,2116.8136455137155,7.086920669999998,38
2021-02-28,299.05882352941177,2219.851821894447,2.655255959999999,16
2021-03-01,285.15909090909093,2000.868524328161,6.188511779999999,43
2021-03-02,7360.133333333333,1972.4709974606537,7.908922799999998,44
2021-03-03,55342.242424242424,3407.0043713466735,4.957530119999999,32
2021-03-04,509.9591836734694,1567.3721366266218,12.581525429999997,46
2021-03-05,353.7674418604651,1929.6929159912136,7.0360070399999985,42
2021-03-06,24486.40625,2761.280566957786,5.760430559999999,29
2021-03-07,338.84375,1913.4114377912726,8.80764642,28
2021-03-08,25185.043478260868,2549.9611572844174,9.280370879999998,44
2021-03-09,4621.744680851064,2097.8432209513066,6.272181539999998,46
2021-03-10,380.34285714285716,3874.7685303224766,6.194152709999998,34
2021-03-11,1198.2285714285715,3142.9511464104758,5.907288419999998,33
2021-03-12,357.9818181818182,3028.4107800420225,9.452140829999998,49
2021-03-13,19043.682926829268,2240.8282763196485,8.637377489999999,38
2021-03-14,3768.2916666666665,3372.9428455186685,7.353472769999999,22
2021-03-15,1375.2954545454545,1590.9757979850701,13.689060299999998,42
2021-03-16,556.3846153846154,2300.965411647585,9.383795999999998,49
2021-03-17,3395.4347826086955,3377.5152216994707,10.943041049999998,42
2021-03-18,980.875,2668.933640008648,9.480054959999999,39
2021-03-19,551.8666666666667,2536.4573828782713,8.603701379999999,41
2021-03-20,340.8695652173913,2440.9564125293577,3.5474428799999993,22
2021-03-21,354.5238095238095,1710.5287872666245,4.081660739999999,21
2021-03-22,496.07272727272726,3427.7649819108383,10.327695479999997,51
2021-03-23,610.5135135135135,5207.651187119768,8.063987849999998,34
2021-03-24,503.86842105263156,2265.5559689965226,8.819848259999999,35
2021-03-25,34037.023255813954,3665.1069421449615,10.771658459999998,43
2021-03-26,68689.93181818182,3610.2377691267493,6.586621019999998,42
2021-03-27,29082.53125,3781.1037593816222,4.113012689999999,30
2021-03-28,472.0,2604.609486273904,2.590857359999999,18
2021-03-29,266.6578947368421,2333.8046636672434,7.912045889999998,36
2021-03-30,850.675,2755.284430965962,8.823576599999997,38
2021-03-31,5883.891891891892,2027.380089103186,8.142040889999999,35
2021-04-01,322.0,2461.1598509259456,3.4512323399999993,23
2021-04-02,258.125,1834.060962277146,3.4013597399999993,16
2021-04-03,401.2173913043478,2339.1763554459867,5.7009707999999994,22
2021-04-04,467.6666666666667,4559.749930972811,4.243649849999998,21
2021-04-05,356.8205128205128,2484.536725048347,10.125299879999998,39
2021-04-06,922.1333333333333,3116.8737531088777,10.521738629999998,41
2021-04-07,262.5348837209302,3001.1079893284027,5.9522705999999985,40
2021-04-08,406.05263157894734,3469.650475202313,6.807174119999999,36
2021-04-09,3631.1052631578946,1619.0875615649952,11.947513949999998,36
2021-04-10,380.2692307692308,3934.822465781588,3.5737591499999994,24
2021-04-11,461.77777777777777,2382.7061465222187,3.8217421799999993,18
2021-04-12,249.28947368421052,2362.8606121437406,6.116729129999999,37
2021-04-13,337.0,8292.60341270601,5.294799629999999,32
2021-04-14,819.125,2746.3961580728505,7.656460919999998,47
2021-04-15,392.875,2326.9745305425995,10.678837319999998,38
2021-04-16,359.8666666666667,2974.876747999772,7.408259999999998,43
2021-04-17,361.258064516129,1382.3492608998702,11.195478719999999,31
2021-04-18,536.7857142857143,3225.2688530491205,1.7576459999999992,14
2021-04-19,38343.46153846154,3064.59575118722,6.080583599999999,36
2021-04-20,2828.0714285714284,3100.310830366441,7.417435589999998,36
2021-04-21,456.80392156862746,3289.0236391806598,9.230014079999998,49
2021-04-22,311.02222222222224,3407.0499160549075,8.186078879999998,42
2021-04-23,15378.54347826087,3439.5280830392,7.205549669999999,45
2021-04-24,328.48571428571427,4013.333593033155,5.298213239999999,33
2021-04-25,285.6896551724138,2450.794733984546,5.960356739999998,28
2021-04-26,17846.82857142857,5025.238491094427,5.579315549999999,34
2021-04-27,1832.826923076923,2405.2187221572635,7.944705179999998,50
2021-04-28,293.6904761904762,2080.355934939389,6.427730789999998,38
2021-04-29,807.9787234042553,2876.9346828153584,9.56638782,46
2021-04-30,537.1111111111111,2686.6071767125145,6.948415259999998,45
2021-05-01,16831.151515151516,3168.036906709407,5.524189379999998,31
2021-05-02,477.3939393939394,4493.793954936497,14.084627489999999,30
2021-05-03,19236.20930232558,3986.5991306679125,8.025348689999998,39
2021-05-04,326.8775510204082,1968.4949143130273,8.522258939999999,43
2021-05-05,1200.7777777777778,3539.8052964193644,14.011876439999998,42
2021-05-06,296.44444444444446,2338.957097931033,7.914031109999999,40
2021-05-07,14705.591836734693,2872.7704622819674,7.567610219999998,47
2021-05-08,44464.46341463415,3251.3984150140072,7.372864979999998,35
2021-05-09,299.53333333333336,2113.4779873232096,6.367254209999999,27
2021-05-10,487.8139534883721,2967.375009552286,12.679430669999999,39
2021-05-11,433.8727272727273,3984.9688563726886,16.810019819999997,51
2021-05-12,931.4375,1832.8158113703241,9.855527849999998,46
2021-05-13,345.53061224489795,4421.478262124385,8.681657579999998,47
2021-05-14,395.6595744680851,1884.0579264383912,9.176897339999998,42
2021-05-15,458.60526315789474,3304.8621906839535,6.6776990399999985,35
2021-05-16,4408.76,5536.641180437324,4.741359029999999,25
2021-05-17,44573.72,3380.431949005032,10.724206859999997,46
2021-05-18,311.2162162162162,3616.8526368635153,6.464045789999999,35
2021-05-19,410.58181818181816,2886.6717252636254,8.539908029999998,48
2021-05-20,33406.666666666664,5518.914503724034,7.263411569999999,43
2021-05-21,307.6923076923077,1804.7824727918598,5.6541970799999985,36
2021-05-22,322.13793103448273,5655.48365637151,7.435544669999999,28
2021-05-23,705.2272727272727,2214.593905404843,3.3517050299999993,22
2021-05-24,351.19607843137254,4900.17625449924,8.476550459999999,48
2021-05-25,299.87179487179486,6091.033613717977,5.386555529999999,33
2021-05-26,413.10526315789474,3420.9166028255204,11.069102519999998,52
2021-05-27,481.0243902439024,8415.170722136974,6.290169569999999,38
2021-05-28,344.8421052631579,2614.046158161668,7.442468729999998,36
2021-05-29,461.8125,4163.730704441945,11.393516519999999,43
2021-05-30,279.28205128205127,3875.46609834187,11.584727099999999,36
2021-05-31,218.0,7744.134656314568,8.144558729999998,37
2021-06-01,380.0980392156863,4733.964561654357,13.370892479999998,44
2021-06-02,436.8958333333333,4588.806217998709,6.913891799999998,47
2021-06-03,442.6279069767442,3792.956713277748,7.161051689999998,41
2021-06-04,224.60526315789474,4086.3715400316946,7.057190789999999,34
2021-06-05,2634.3714285714286,7501.124521800871,8.440429139999999,32
2021-06-06,288.82758620689657,2256.812194180794,4.983846389999999,28
2021-06-07,291.7317073170732,4358.355838256871,6.175341539999999,39
2021-06-08,2362.0,4307.954750678702,8.536276529999999,45
2021-06-09,506.6304347826087,3300.5877656141884,6.335030699999999,41
2021-06-10,294.05,9412.28854435767,5.718256739999998,39
2021-06-11,293.02777777777777,2928.236156437726,5.624781929999998,35
2021-06-12,244.96875,4255.652228194715,4.287469949999998,31
2021-06-13,359.0,8753.083202925842,3.9778724699999994,23
2021-06-14,409.0769230769231,3136.0037036756416,5.779048049999998,38
2021-06-15,3267.815789473684,3344.6410721171274,7.639877069999998,37
2021-06-16,266.65714285714284,4033.673522791687,5.730821729999999,32
2021-06-17,276.87179487179486,4845.528682976844,7.3293111899999985,38
2021-06-18,295.2162162162162,5190.748429364476,5.332833539999999,36
2021-06-19,257.741935483871,2151.5427307531654,5.9808868199999985,30
2021-06-20,283.29411764705884,9007.207871074334,2.7249323399999996,17
2021-06-21,302822.9655172414,15409.684619051406,5.369318009999999,27
2021-06-22,855.66,9668.657293852426,6.789621869999998,48
2021-06-23,650.0,1763.259456715762,7.131878639999999,31
2021-06-24,366.53333333333336,2696.3482727803257,5.946048629999999,29
2021-06-25,901.9047619047619,1951.3231649850259,9.297172619999998,40
2021-06-26,434.1333333333333,2941.0691734854786,4.147318259999999,29
2021-06-27,273.82142857142856,3531.5112976776413,5.849523359999999,24
2021-06-28,759.7674418604652,3839.2654141040234,7.797871529999998,42
2021-06-29,6359.909090909091,3178.0541046194207,6.8716937699999985,31
2021-06-30,275.3611111111111,9725.184312010504,7.196301449999999,35
2021-07-01,146185.48387096773,8005.372116081699,4.531143599999998,29
2021-07-02,3944.0,5135.144276272895,3.6100983599999994,25
2021-07-03,746.4285714285714,4476.712017258505,5.532614459999999,33
2021-07-04,1882.3684210526317,11123.880652170623,4.039825859999999,18
2021-07-05,461.7142857142857,3845.9699299959216,8.01251739,35
2021-07-06,713.7096774193549,12750.54964266731,6.346651499999999,30
2021-07-07,19419.7,2563.800651024839,5.160676229999999,30
2021-07-08,637.4848484848485,7936.65552899531,7.504543169999999,32
2021-07-09,105746.34042553192,7202.383939765788,9.537505289999999,45
2021-07-10,680.5862068965517,3570.5560546244787,6.480048599999999,29
2021-07-11,382.7826086956522,6315.277323306167,5.14329345,21
2021-07-12,616.7560975609756,3509.0578488657025,8.320904369999997,40
2021-07-13,482.0810810810811,3128.688446771193,7.445858129999999,36
2021-07-14,553.1463414634146,5946.0495422666545,6.2574618599999985,39
2021-07-15,694.2127659574468,4948.259807397488,10.13149764,45
2021-07-16,522.9428571428572,2864.8548789623915,7.178482889999999,33
2021-07-17,14072.846153846154,5239.555108393282,7.3926687599999985,35
2021-07-18,558.8333333333334,3482.8491088390597,4.714316459999999,18
2021-07-19,380.0576923076923,8197.682599336762,9.987133409999998,49
2021-07-20,299.8723404255319,3582.8765806986207,9.562538429999998,42
2021-07-21,299.06976744186045,3200.3815171212746,6.356529179999998,43
2021-07-22,234.2325581395349,3346.344416130254,9.528862319999998,38
2021-07-23,23572.30769230769,3340.1999010071645,6.395337809999998,39
2021-07-24,532.3928571428571,6741.9524986786055,4.506110459999999,28
2021-07-25,739.0,3958.925158801991,5.626815569999999,28
2021-07-26,692.7142857142857,4321.681312110412,4.552303139999999,26
2021-07-27,21185.68181818182,4126.610960047889,2.906023139999999,22
2021-07-28,26569.823529411766,2712.8569740449752,14.075355059999998,50
2021-07-29,968.34375,4669.174894451772,6.125711039999999,32
2021-07-30,385.44444444444446,6320.100041260203,6.798192209999998,35
2021-07-31,540.1176470588235,2312.043773721348,7.167031559999999,34
2021-08-01,471.46153846153845,5462.963505092439,8.40597831,24
2021-08-02,423.609756097561,2901.555010709837,10.332731159999998,35
2021-08-03,25464.527777777777,3103.7184543107887,5.4816281999999985,33
2021-08-04,773.7352941176471,9034.72998184945,6.644482919999999,34
2021-08-05,940.7317073170732,7327.707808378699,11.619613709999998,38
2021-08-06,545.7666666666667,3650.0543647283225,6.504210179999999,30
2021-08-07,4217.2,2649.5647907885923,6.200277839999999,23
2021-08-08,698.9090909090909,2869.059168042799,6.188753879999999,21
2021-08-09,390.22857142857146,2663.8083804561234,5.795244539999999,35
2021-08-10,481.0,3752.0137774986256,7.915047929999998,33
2021-08-11,358.3095238095238,3098.2260434694344,10.549241189999998,40
2021-08-12,436.5882352941176,5958.033843865875,9.370407869999998,33
2021-08-13,433.55,2821.145988825049,10.18197549,40
2021-08-14,14416.55,4371.229620133548,6.428239199999999,38
2021-08-15,673.1481481481482,5478.86569697322,5.411976029999999,25
2021-08-16,15840.416666666666,3978.422258345585,16.813360799999998,46
2021-08-17,19301.384615384617,6650.477105077107,16.433384849999996,51
2021-08-18,550.8285714285714,2198.716049021714,9.697848119999998,35
2021-08-19,495.82142857142856,3182.2987370501755,5.476108319999999,28
2021-08-20,542.0,2044.276487624398,7.774436249999999,27
2021-08-21,312.3333333333333,2043.880393508231,8.020748789999999,30
2021-08-22,380.72222222222223,2107.375276902896,2.4667084799999994,17
2021-08-23,266.1111111111111,1901.4581393189246,6.86694861,34
2021-08-24,394.60714285714283,4066.1006046597527,5.992798139999999,28
2021-08-25,18398.5,3206.2610828529487,7.016469569999999,38
2021-08-26,269.0,1947.6222838630165,3.913352819999999,28
2021-08-27,3087.0,1978.7319661055144,5.186072519999998,37
2021-08-28,351.1923076923077,3836.0377247425367,3.859921349999999,23
2021-08-29,259.5,1468.0531224015378,5.49460476,21
2021-08-30,61020.8,3428.5793240087296,6.238699109999999,34
2021-08-31,24655.484848484848,7928.847689809299,4.939977869999998,33
2021-09-01,493.9142857142857,1927.960533590067,5.867027189999998,34
2021-09-02,582.5405405405405,1708.7505101871177,10.237852169999998,34
2021-09-03,307.93333333333334,1440.0340089076194,11.485901879999998,42
2021-09-04,323.6521739130435,2199.098763613582,3.1277625299999987,23
2021-09-05,36697.76190476191,2873.7741309883772,3.172478399999999,21
2021-09-06,370.1111111111111,2066.7369708603746,7.438667759999999,35
2021-09-07,20709.0,2629.888773311487,5.697097199999998,34
2021-09-08,313.59375,5625.115925463071,7.5806109899999985,30
2021-09-09,156131.53488372092,6883.266411680401,6.808917239999999,41
2021-09-10,4870.137931034483,2095.4131065670313,5.732322749999999,29
2021-09-11,5351.0,2336.813369043099,5.386216589999999,25
2021-09-12,10008.833333333334,2380.4172822811615,3.228669809999999,18
2021-09-13,343.7586206896552,1679.4568271097573,6.442813619999999,29
2021-09-14,397.05882352941177,10208.826469572185,9.19798425,32
2021-09-15,286.53333333333336,1423.0269687729103,7.573517459999999,28
2021-09-16,11218.565217391304,2014.078416440061,5.777474399999999,20
2021-09-17,386.7894736842105,1755.587292795992,6.157232459999999,37
2021-09-18,325.2,2733.969452097162,4.303036979999999,25
2021-09-19,1558.3,2040.8947425411159,5.225026409999999,19
2021-09-20,4116.56,1730.6619810202048,4.44432654,25
2021-09-21,2616.757575757576,2288.5557973322348,6.853536269999998,32
2021-09-22,447.34375,2419.8338827326957,6.359047019999998,32
2021-09-23,21829.942857142858,2624.7973404640343,5.259864599999999,34
2021-09-24,596.9767441860465,4948.539055757792,8.536300739999998,41
2021-09-25,431.93333333333334,2105.9079604223098,6.795529109999999,30
2021-09-26,3279.818181818182,2383.9020256641857,3.272756219999999,22
2021-09-27,387.14285714285717,2751.4461472023663,4.303763279999999,28
2021-09-28,577.5769230769231,1804.370853355562,5.010138449999999,26
2021-09-29,22351.894736842107,2496.931300122391,6.993566909999998,35
2021-09-30,529.0967741935484,10138.410799912683,4.6314698399999985,29
2021-10-01,224756.81818181818,5917.020862303695,6.190448579999999,41
2021-10-02,5882.916666666667,6992.045929937012,4.858729109999999,24
2021-10-03,299.3333333333333,7616.685734015632,4.41086832,21
2021-10-04,49930.63636363636,3445.818856606149,4.829410799999999,30
2021-10-05,5760.972222222223,6611.725402258159,7.170663059999998,35
2021-10-06,715.7884615384615,2718.5758015408305,11.867185169999997,50
2021-10-07,789.2051282051282,1572.448066795755,6.226836209999999,38
2021-10-08,1833.4594594594594,3307.49406732146,4.796920979999999,35
2021-10-09,508.5652173913044,2056.234181142313,5.748664499999999,23
2021-10-10,341.8695652173913,1752.9254594445836,3.6068057999999987,21
2021-10-11,835.0833333333334,2864.8288376812993,6.519389849999998,35
2021-10-12,3921.0,1753.9872892364187,5.984276219999998,32
2021-10-13,2228.75,1958.6834368416817,6.217951139999999,35
2021-10-14,21657.809523809523,3257.168398350501,6.308714429999998,38
2021-10-15,332.3421052631579,1868.5168157233438,6.832425149999999,37
2021-10-16,15482.636363636364,1972.4746509430383,8.353152089999998,33
2021-10-17,205.37037037037038,2276.462885488339,6.219645839999998,26
2021-10-18,470.8,2876.2285473205907,4.8306697199999995,25
2021-10-19,3090.7567567567567,2791.800311787304,6.580568519999999,36
2021-10-20,2224.181818181818,3144.859990474708,5.973236459999998,44
2021-10-21,1666.2222222222222,1780.0602874803744,8.844881399999998,44
2021-10-22,303.9655172413793,1554.800474859651,5.112038339999999,29
2021-10-23,7550.285714285715,2219.620437504678,6.220130039999999,28
2021-10-24,495.6333333333333,1661.4930364285651,9.91687599,29
2021-10-25,381.5777777777778,2890.9656374846368,13.786650809999998,45
2021-10-26,265.6666666666667,2409.8830681087516,6.186671819999998,33
2021-10-27,3232.7297297297296,1617.1876357139213,6.202142009999998,36
2021-10-28,2368.4594594594596,2645.3786416209614,8.738236349999998,36
2021-10-29,2240.975,1920.800609552889,8.766949409999997,37
2021-10-30,4368.708333333333,2494.52189019144,4.104878129999999,23
2021-10-31,1522.2777777777778,1249.4132620107148,7.163981099999999,18
2021-11-01,1276.88,1640.669724654972,6.917595929999999,23
2021-11-02,353.7083333333333,2401.8424566720787,5.89191507,23
2021-11-03,76716.96,4093.081831611497,5.949389609999999,25
2021-11-04,3490.102564102564,2343.127649339562,6.965144369999998,37
2021-11-05,346.39285714285717,1637.7217883997544,4.28700996,28
2021-11-06,400.92857142857144,2132.624090195035,5.068169819999998,27
2021-11-07,297.76,1311.3573845503252,13.46175261,25
2021-11-08,9159.25,2638.652425212173,8.031909599999999,32
2021-11-09,2527.9285714285716,2121.419839611117,4.858051229999998,27
2021-11-10,802.7777777777778,1683.3243591123758,7.244358299999998,36
2021-11-11,3625.3793103448274,1633.5554135937014,7.219639889999999,27
2021-11-12,1440.2363636363636,1889.2786778393945,15.700862879999999,52
2021-11-13,314.1111111111111,1746.672666813409,9.246016889999998,36
2021-11-14,501.0,2148.368010499848,7.2322775099999985,22
2021-11-15,302.3333333333333,1902.0671916454364,5.848288649999999,24
2021-11-16,3624.625,2728.4340953675373,7.323597629999999,37
2021-11-17,50942.90909090909,2697.854827068439,11.67590196,31
2021-11-18,408.6511627906977,1714.2956915820816,10.501620119999998,41
2021-11-19,266.6875,1969.4152451694429,5.243740739999999,31
2021-11-20,307.84090909090907,1565.570688732084,17.082697049999997,42
2021-11-21,6807.342857142857,1590.0276338410256,10.971124649999998,33
2021-11-22,21247.708333333332,1675.9342808534147,13.557478949999998,48
2021-11-23,15244.457142857143,2197.618386866292,4.766489009999999,35
2021-11-24,26028.285714285714,2410.323129619006,7.190515259999998,35
2021-11-25,285.55555555555554,2534.2740612568678,8.995370759999998,36
2021-11-26,1305.388888888889,2095.8698391415796,5.695329869999998,35
2021-11-27,76907.0,2715.8342205560007,8.350682669999998,28
2021-11-28,373.15,1570.140920039251,8.89245405,20
2021-11-29,28113.4375,2161.307127311327,8.4478374,32
2021-11-30,6862.5,1823.0600460441674,5.170408649999999,28
2021-12-01,400.86206896551727,1756.0393902071996,4.166081009999998,27
2021-12-02,552.15,2324.657934393338,3.8797493399999996,19
2021-12-03,5638.857142857143,1715.1494484085742,6.815357099999999,35
2021-12-04,4611.434782608696,2874.7137257126856,3.838422869999999,22
2021-12-05,537.0,2462.235472435475,2.5687536299999993,19
2021-12-06,284.7567567567568,1793.7287604021753,7.842756869999999,35
2021-12-07,503.7894736842105,2007.6304630743527,6.554155409999998,38
2021-12-08,3072.3255813953488,2199.9544223094713,11.768069429999999,41
2021-12-09,344.8,2004.257742343745,6.510625829999999,35
2021-12-10,16566.075,2132.433700136475,8.645221529999999,40
2021-12-11,17173.57894736842,2364.3117978551663,7.237288979999998,35
2021-12-12,4749.318181818182,2402.856233120894,3.222496259999999,21
2021-12-13,4408.84375,2814.0780877245443,5.697871919999998,32
2021-12-14,26911.27027027027,2487.020056684686,7.143668909999998,36
2021-12-15,373.8863636363636,2115.990735986575,8.856090629999999,42
2021-12-16,247.63333333333333,1901.2906583560712,5.511358079999999,29
2021-12-17,2529.3714285714286,2394.8843531066354,6.260391269999999,34
2021-12-18,392.5483870967742,1805.773772538091,10.834507619999998,30
2021-12-19,249.45,1547.0576820192596,3.393394649999999,20
2021-12-20,299.2903225806452,2864.106341912471,3.993851069999999,31
2021-12-21,804.0555555555555,2112.2975090482255,5.306807789999999,35
2021-12-22,781.34375,2062.752387811832,6.295326299999998,31
2021-12-23,497.92,1812.4218984427168,6.139752839999999,25
2021-12-24,203.07142857142858,1936.1850631594643,1.9924829999999991,14
2021-12-25,312.0,2396.167263443787,0.44284931999999977,3
2021-12-26,212.45454545454547,2218.0588010341526,2.6318933099999997,11
2021-12-27,242.07692307692307,2063.2521137036197,5.745371939999999,25
2021-12-28,409.05263157894734,2343.2280740476053,5.326756829999998,35
2021-12-29,299.9375,1958.1322779919774,4.568644889999999,32
2021-12-30,1786.0,1764.7871982601803,3.9646780199999987,27
2021-12-31,200.0,2519.408180983791,1.4171565599999996,10
2022-01-01,963.875,1699.3783540063891,1.0959866999999996,8
2022-01-02,234.5,1582.2990176906064,0.48729887999999977,4
2022-01-03,4542.793103448276,2997.230931152464,3.6433871099999986,28
2022-01-04,259.48148148148147,2220.314996208122,3.778067339999999,26
2022-01-05,4671.52,2323.2266423208353,3.629853719999999,23
2022-01-06,367.1212121212121,1883.0555025249378,4.9657130999999985,31
2022-01-07,6939.666666666667,2434.3914894996187,4.650014699999998,27
2022-01-08,309.0,2199.476670291998,3.7077857099999987,28
2022-01-09,4632.636363636364,2327.453452698386,4.160536919999999,22
2022-01-10,365.25,2646.6869398474205,3.971456819999999,26
2022-01-11,474.22857142857146,1880.6136013313965,5.747744519999999,34
2022-01-12,30787.26923076923,2627.96141354219,3.395815649999999,25
2022-01-13,9954.535714285714,2053.3847761718575,4.4099967599999985,28
2022-01-14,1102.0434782608695,1979.3586713754908,3.5093363399999986,23
2022-01-15,15824.605263157895,2949.3615930859896,6.200519939999998,35
2022-01-16,311.9130434782609,1929.9315416931179,3.3671752199999996,20
2022-01-17,652.7931034482758,1788.5810708638955,5.008758479999999,28
2022-01-18,497.3333333333333,2631.2041304422237,6.532100099999999,28
2022-01-19,442.9032258064516,3180.1276769188876,4.4829656999999985,31
2022-01-20,4258.944444444444,2126.241539156699,6.770931749999998,36
2022-01-21,8798.481481481482,2038.028264308836,4.356444239999998,27
2022-01-22,1247.03125,2510.5795993232387,7.634502449999998,31
2022-01-23,3173.16,1544.7974309965516,4.682916089999999,24
2022-01-24,5670.085714285714,2598.3325542415896,7.456873679999998,33
2022-01-25,318.81481481481484,1785.1001630146386,3.919841099999999,27
2022-01-26,328.8666666666667,2036.515645472671,6.1618565699999985,30
2022-01-27,4165.0,2048.194723847234,4.102311869999999,26
2022-01-28,295.61290322580646,2044.9381259260124,5.817251429999999,28
2022-01-29,4730.2962962962965,1728.475695117031,5.655819149999998,26
2022-01-30,546.2,2784.6628171475686,2.842762409999999,20
2022-01-31,14448.793103448275,3109.280394858386,3.5057048399999986,28
2022-02-01,66809.35294117648,3134.9998551825206,6.730258949999998,33
2022-02-02,39131.333333333336,3252.4610982739773,4.9825148399999994,28
2022-02-03,8634.068965517241,1786.1253735251653,7.594967519999998,27
2022-02-04,9842.527777777777,2580.9511774340117,4.316764049999999,34
2022-02-05,7788.04,1903.1661868291098,6.7891860899999985,23
2022-02-06,4619.0,1801.6506504081904,6.065234459999999,16
2022-02-07,5053.692307692308,2611.1812900742657,5.005877489999999,26
2022-02-08,321.0869565217391,2777.7776915643644,2.801460149999999,23
2022-02-09,43052.72,2410.4371830990945,3.5088763499999986,25
2022-02-10,24448.057142857142,2461.5205854167807,7.429274279999999,35
2022-02-11,36734.12,4650.494335673877,3.9017562299999993,25
2022-02-12,3704.6,2543.1137115239953,3.8419575299999993,24
2022-02-13,257.875,1626.3353272476138,1.3022074799999999,8
2022-02-14,374.8076923076923,1961.2390882513816,4.115361059999999,26
2022-02-15,437.06060606060606,3013.6624520268156,6.606061649999998,33
2022-02-16,282.37931034482756,2917.2995939717725,4.211692649999999,27
2022-02-17,1152.3714285714286,2607.323514447037,4.588884449999998,33
2022-02-18,5572.1875,2035.2210519394075,7.230364919999999,32
2022-02-19,1070.2083333333333,2084.712592226451,2.885323589999999,23
2022-02-20,644.15,1714.6094165191957,7.712894429999999,19
2022-02-21,25628.16,1924.650406167067,6.512199479999999,25
2022-02-22,411.6341463414634,2523.97020824843,6.915804389999999,40
2022-02-23,349.1034482758621,1471.4179088285496,10.622888009999999,28
2022-02-24,38194.14705882353,2325.694482501276,9.851170049999999,34
2022-02-25,4386.861111111111,1641.4224421715571,7.407097919999999,36
2022-02-26,280.0952380952381,1905.826450760204,5.671821959999999,21
2022-02-27,5946.0,2315.724415097724,3.1808792699999993,16
2022-02-28,34368.03703703704,3262.156039684952,3.4403862599999986,27
2022-03-01,352.0,2104.7583193076184,3.265323749999999,24
2022-03-02,339.96774193548384,1774.542890068356,4.072436729999998,28
2022-03-03,1694.1379310344828,2286.6792635873435,4.322066039999999,29
2022-03-04,289.88235294117646,2990.6134419096697,2.164495049999999,17
2022-03-05,7745.172413793103,3215.881053850195,3.562428869999999,28
2022-03-06,4082.4761904761904,2155.984784998965,2.866996619999999,21
2022-03-07,45742.833333333336,3053.2522843052207,2.569552559999999,18
2022-03-08,41045.74074074074,3719.9190619545716,3.6784916099999987,27
2022-03-09,16650.75,2452.984337436838,2.547085679999999,19
2022-03-10,3257.222222222222,1820.630566434191,3.3364285199999983,26
2022-03-11,2831.516129032258,1869.70722135153,4.440089789999998,30
2022-03-12,4067.9285714285716,2082.139692313794,3.6891924299999985,24
2022-03-13,253.28571428571428,2419.2032686104358,1.7456136299999994,14
2022-03-14,350.7142857142857,2027.8940284202781,2.947228559999999,21
2022-03-15,301.44827586206895,2249.941923630589,3.578867459999999,29
2022-03-16,15009.173913043478,2394.411969594868,2.668256729999999,23
2022-03-17,305.39130434782606,2528.071682585702,3.3673446899999986,23
2022-03-18,3477.181818181818,2318.0891836126725,2.627123939999999,22
2022-03-19,293.90909090909093,2314.6727539890144,2.7595768499999984,22
2022-03-20,264.1818181818182,2673.4255725908256,1.3552273799999996,11
2022-03-21,35164.86363636364,3738.6245868533642,3.1765456799999985,22
2022-03-22,3824.285714285714,2409.542312811609,3.684326219999999,26
2022-03-23,7472.666666666667,1773.188451607163,3.504349079999999,23
2022-03-24,486.0689655172414,1769.8924966246132,4.202420219999999,28
2022-03-25,4115.866666666667,2242.987160340918,3.9134496599999986,29
2022-03-26,295.8333333333333,1950.9894117114766,3.198431519999999,22
2022-03-27,298.5833333333333,2825.2387567378223,1.4447075399999993,12
2022-03-28,20555.696969696968,2365.482870562223,4.4226585899999975,32
2022-03-29,339.04761904761904,1768.0643318474083,2.8810626299999993,21
2022-03-30,31343.44,3121.9859026889562,3.291809489999999,25
2022-03-31,36110.121212121216,2656.656589171085,4.560074549999999,32
2022-04-01,643.2142857142857,1591.0658869869396,4.599028439999999,28
2022-04-02,34172.142857142855,3084.3090354284304,3.302510309999999,21
2022-04-03,430.8333333333333,1653.9838698680533,5.766943049999999,24
2022-04-04,25154.793103448275,2750.995323522783,4.906108079999998,28
2022-04-05,17983.159090909092,2730.5640195128167,10.249811909999998,42
2022-04-06,99123.07407407407,3906.8828860476838,3.9474889199999987,27
2022-04-07,57918.03125,3808.6298856884932,4.3032064499999985,32
2022-04-08,1087.095238095238,2587.3949426854065,2.6887141799999994,21
2022-04-09,521.1304347826087,1623.1754863175045,6.060295619999999,23
2022-04-10,16826.277777777777,2425.472646394095,3.4633615499999992,18
2022-04-11,17695.28205128205,2098.079831094332,7.024725179999998,37
2022-04-12,3604.6153846153848,1870.1087649143058,3.5579015999999988,26
2022-04-13,36278.666666666664,2995.8143411353735,3.9708515699999984,27
2022-04-14,3613.5,2462.9792272744066,3.205839779999999,22
2022-04-15,16585.533333333333,5334.932408568321,1.9119847499999991,14
2022-04-16,329.5,1838.9242564593146,2.6813785499999994,14
2022-04-17,13805.333333333334,2317.2296649866303,1.8038628899999996,9
2022-04-18,278.72727272727275,2049.7241842220888,2.9248100999999993,21
2022-04-19,4800.235294117647,2360.4238944970457,5.658554879999999,33
2022-04-20,470.3611111111111,1596.6412277826155,7.294763519999998,35
2022-04-21,447.12820512820514,3186.4022664910476,5.445361619999998,36
2022-04-22,496.20588235294116,2443.7240036645485,9.566605709999997,34
2022-04-23,4943.6,2181.1245880983943,4.837157999999999,30
2022-04-24,276.3809523809524,1549.2305094935252,3.443315669999999,21
2022-04-25,2070.9615384615386,1755.8388531137193,3.583975769999999,25
2022-04-26,447.46666666666664,1978.5577614656852,6.469154099999999,29
2022-04-27,390.55882352941177,2545.40175564348,4.942955699999999,34
2022-04-28,3223.189189189189,2163.882413924103,4.630065659999998,37
2022-04-29,435.95238095238096,2641.0070133951567,6.640948259999998,40
2022-04-30,1970.851851851852,2923.7873534238365,2.963570309999999,25
2022-05-01,6577.8,1823.8963918132938,2.3124423599999995,15
2022-05-02,449.0,2461.712236808618,2.350282589999999,20
2022-05-03,21932.5,2442.1075475186362,8.654276069999998,40
2022-05-04,1510.103448275862,1805.394358511899,4.839869519999999,29
2022-05-05,183241.5,5511.091414762758,5.598247769999999,36
2022-05-06,543.1071428571429,1612.1726758596894,5.696467739999999,26
2022-05-07,4021.0714285714284,1730.3915218373645,5.115113009999999,27
2022-05-08,258.6363636363636,2110.869905052047,3.711659309999999,21
2022-05-09,16158.23076923077,3166.259793741222,5.588854289999999,26
2022-05-10,897.2045454545455,2122.720386380768,9.090782369999998,43
2022-05-11,364.4516129032258,2191.15890276258,4.058128619999999,31
2022-05-12,342.2258064516129,1570.2093431969054,6.591148289999999,30
2022-05-13,1372.4074074074074,3375.665243859243,3.2734583099999988,27
2022-05-14,1575.28125,2205.503443366836,8.024162399999998,31
2022-05-15,302.75,2555.801474823656,1.4874866099999995,12
2022-05-16,2743.885714285714,1714.0135236678004,5.7773533499999985,35
2022-05-17,344.80645161290323,4931.835335389687,4.159665359999998,31
2022-05-18,387.1707317073171,4584.088170888004,6.026207939999998,40
2022-05-19,719.3548387096774,8402.929392138401,6.263853299999999,30
2022-05-20,369.8666666666667,5451.811615649204,4.368403979999999,28
2022-05-21,5171.380952380952,2036.4502984253954,2.7129968099999986,21
2022-05-22,406.5,1740.7378599376468,3.3574670099999993,14
2022-05-23,358.40625,5004.005030987379,7.963758449999998,32
2022-05-24,335.8181818181818,2124.879404005584,7.458495749999999,33
2022-05-25,1120.7407407407406,8509.42883457643,5.028247529999999,26
2022-05-26,5852.741935483871,2962.384366026306,6.910913969999998,30
2022-05-27,736.9736842105264,6039.912829663587,6.948851039999997,37
2022-05-28,361.8333333333333,7721.522229908429,2.591365769999999,18
2022-05-29,4163.72,2551.111021437879,5.410620269999999,25
2022-05-30,486.95348837209303,1918.3150026724443,9.96398865,41
2022-05-31,828.1071428571429,8177.01308366536,3.811888709999999,27
2022-06-01,330.8611111111111,1797.1321394279612,6.6132035999999985,35
2022-06-02,439.6585365853659,1755.0171443039903,10.20618549,38
2022-06-03,386.325,4641.910165013689,7.0447710599999995,40
2022-06-04,565.0487804878048,3665.1554264724405,16.321219919999997,40
2022-06-05,3293.4210526315787,3039.72742963187,4.643744309999999,17
2022-06-06,302.30555555555554,2354.4297346660173,6.353841869999998,35
2022-06-07,28596.194444444445,2945.2881785244954,7.722578429999998,36
2022-06-08,3100.2368421052633,2065.8929805745856,5.875621739999999,38
2022-06-09,2217.7727272727275,5533.552275859272,7.302728609999997,43
2022-06-10,190.88888888888889,3176.0513109534622,1.1015792099999995,7
2022-06-11,4197.428571428572,1410.131948498661,5.6050749899999985,28
2022-06-12,371.44444444444446,1946.7982868975969,3.762233999999999,17
2022-06-13,3348.1785714285716,1767.6288709433118,5.148304919999998,28
2022-06-14,6375.3125,2110.7753174553136,5.437009169999999,31
2022-06-15,3494.0975609756097,2348.1675815006206,6.3227320199999975,41
2022-06-16,831.1666666666666,2072.181611794343,8.392444919999999,35
2022-06-17,3056.5897435897436,4269.281110197428,11.874520799999997,39
2022-06-18,668.8666666666667,2150.469598930444,5.518596869999999,27
2022-06-19,38547.3,3032.3273566594244,4.808493359999999,19
2022-06-20,27442.354838709678,2837.612035810651,4.399828559999999,31
2022-06-21,576.0588235294117,1866.9785803581926,12.791522969999999,33
2022-06-22,5784.628571428571,1739.3253966908783,9.621126629999997,35
2022-06-23,3739.3030303030305,1732.8745078910142,7.46907552,33
2022-06-24,2857.9777777777776,1818.8218221469212,9.303660899999997,43
2022-06-25,3634.962962962963,2062.3261709446224,5.047760789999999,27
2022-06-26,3742.722222222222,1788.066534982857,4.640330699999999,18
2022-06-27,443.43243243243245,4543.517673892329,7.5781899899999985,37
2022-06-28,11836.714285714286,2042.6413554086025,5.830784819999998,35
2022-06-29,15086.487804878048,1656.4666864510345,8.577651419999999,41
2022-06-30,33669.88888888889,4189.5157289081435,12.641082029999998,52
2022-07-01,5890.690476190476,1972.059778895226,9.471290939999998,41
2022-07-02,596.4827586206897,2144.7655177880606,5.744355119999998,28
2022-07-03,472.70588235294116,2248.9738704230117,2.5906636799999996,17
2022-07-04,376.9574468085106,1808.408280452214,12.037163579999998,47
2022-07-05,117491.26666666666,5691.901396056432,9.545736689999998,43
2022-07-06,21503.763157894737,2710.138839881417,7.709505029999998,38
2022-07-07,280.28205128205127,15753.679829047973,9.953481509999998,37
2022-07-08,16161.073170731708,1920.9816442024426,11.158655309999999,40
2022-07-09,3779.7241379310344,2025.3303916026757,7.598986379999999,29
2022-07-10,10079.941176470587,1574.4565872502062,2.9411518499999993,16
2022-07-11,1338.16,6493.242785176244,3.8582266499999993,25
2022-07-12,17138.391304347828,4417.556781642967,10.032672419999997,43
2022-07-13,46992.08823529412,8281.472435453183,7.150084559999999,34
2022-07-14,3554.3529411764707,1924.7349451153775,4.835995919999998,34
2022-07-15,3673.6666666666665,2035.7540982586493,7.386640469999999,31
2022-07-16,51022.96428571428,4710.34109262191,8.21537298,26
2022-07-17,389.8181818181818,2857.039319538729,4.89947454,22
2022-07-18,1221.4193548387098,2113.396677578801,5.960695679999998,31
2022-07-19,309.48148148148147,6940.363710920675,5.605534979999999,27
2022-07-20,488.18918918918916,2444.922075071634,4.851345059999998,36
2022-07-21,44815.08823529412,2957.4973829671485,6.1079651099999985,34
2022-07-22,312.0731707317073,2116.8315601304816,6.147814769999998,39
2022-07-23,308.0,1633.6200714791817,5.224663259999999,20
2022-07-24,47784.52631578947,6503.981010214125,4.277785949999999,18
2022-07-25,2686.891891891892,1671.3206347243088,10.752145199999998,36
2022-07-26,7022.14705882353,3216.978452324066,7.797484169999999,33
2022-07-27,4986.128205128205,2084.702404241722,6.3206015399999975,39
2022-07-28,6708.029411764706,5113.800124113025,5.512495949999999,34
2022-07-29,1234.0588235294117,2054.887020379083,7.468518689999999,33
2022-07-30,2283.157894736842,1846.2045173802187,8.529352469999997,37
2022-07-31,7990.944444444444,1367.4790421898972,5.538521699999999,17
2022-08-01,713.6969696969697,2602.90578226937,6.092719611516241,32
2022-08-02,539.0232558139535,3944.342505726694,7.869465335596453,40
2022-08-03,51646.230769230766,1993.9398133263255,7.116240297646195,39
2022-08-04,300.525,1668.992337492718,8.41226676669071,38
2022-08-05,5214.638888888889,1899.5534156852004,7.851496148418607,34
2022-08-06,7381.333333333333,1847.6701594081212,5.850855496697876,33
2022-08-07,11538.357142857143,1832.0500830575768,7.494520301509076,27
2022-08-08,506.51612903225805,1884.239766833821,7.33463890131167,28
2022-08-09,787.5588235294117,1677.2746451825656,8.112751987838578,34
2022-08-10,3915.153846153846,2132.8312401766752,7.364915745220997,38
2022-08-11,560.6363636363636,1700.0891626568637,12.067538219313397,43
2022-08-12,2565.1,1733.0350841529753,6.765406247343706,30
2022-08-13,2950.939393939394,1333.521956031045,11.211674989776155,33
2022-08-14,79569.51612903226,2192.425763689477,12.805171869781178,31
2022-08-15,582.7954545454545,1190.4426583103052,17.565801212140656,41
2022-08-16,482.6875,1697.3500072188037,8.169764331833063,32
2022-08-17,1715.9464285714287,3831.745230037099,15.613945992398842,52
2022-08-18,863.5762711864406,3185.2043612067177,25.088099845779606,53
2022-08-19,26155.272727272728,4022.934213996376,9.46615026905225,42
2022-08-20,451.6304347826087,1175.4647644016186,19.940612377078438,43
2022-08-21,6309.566666666667,1346.4296214089195,8.0138391101638,29
2022-08-22,2640.822222222222,1243.3518544605151,10.727541814382782,42
2022-08-23,2590.2884615384614,1613.8199919638948,13.77326859315692,49
2022-08-24,343.42105263157896,4280.301165235035,12.067053253110474,37
2022-08-25,24239.76595744681,1481.961251141263,12.746198351911623,45
2022-08-26,43537.07692307692,2033.3799159641435,12.005338925094415,39
2022-08-27,460.71794871794873,1527.8515902416318,10.35081882270339,37
2022-08-28,368.5135135135135,1666.93471259105,11.338683137348813,35
2022-08-29,805.6666666666666,1740.359422162785,7.789041002452372,40
2022-08-30,36147.645833333336,2224.2362799250022,10.92211613911599,46
2022-08-31,74465.42647058824,2107.6617042856874,17.24230958634745,64
2022-09-01,791.66,2539.797677518667,9.356315245303028,48
2022-09-02,18643.33962264151,1372.1394172994862,17.47634961891414,52
2022-09-03,8570.081081081082,1897.8378586840295,8.411402226287878,36
2022-09-04,360.42424242424244,33055.599988162336,9.356260270126262,32
2022-09-05,52626.87272727273,2530.206373095748,25.199300287853532,53
2022-09-06,15548.918367346938,2136.0434184298983,13.519803917247474,48
2022-09-07,306.5581395348837,1446.4813294511594,8.883825610075757,42
2022-09-08,3014.633333333333,1965.6371632775088,11.995096014999998,56
2022-09-09,3287.910714285714,3589.733679415943,12.456218185732322,54
2022-09-10,7487.766666666666,1890.8646237524315,7.8896942928030285,29
2022-09-11,82935.66666666667,1978.3824005514382,3.246929421313131,18
2022-09-12,268.1904761904762,3781.0386331554014,13.689837438282826,42
2022-09-13,1004.6,6503.646918104328,8.223469519974746,30
2022-09-14,9219.473684210527,1919.68178164851,7.499485698282827,38
2022-09-15,31002.35135135135,2369.8107247864946,6.664421532853535,35
2022-09-16,382.95652173913044,1709.2690580056221,4.014698508863635,22
2022-09-17,503.1818181818182,1354.0839258337148,5.050415032020202,22
2022-09-18,67626.75,2398.3042345136846,8.779261519621212,19
2022-09-19,350.79411764705884,1719.8937795215843,9.320522254747473,33
2022-09-20,511.4848484848485,2124.766776020258,5.66719285040404,33
2022-09-21,2406.048780487805,1320.6020776774842,11.984177067247474,40
2022-09-22,1720.2045454545455,1884.4371276390912,13.930381049116159,42
2022-09-23,144740.22448979592,3900.9408981532424,8.312979562070705,48
2022-09-24,26880.675,1689.0800124119228,9.560573337449494,40
2022-09-25,264.25,1773.404683312905,3.7996568520454534,19
2022-09-26,21271.315789473683,2242.2996138264775,6.480765688787877,37
2022-09-27,43698.78571428572,2759.559547917246,12.176457370580804,42
2022-09-28,2351.731707317073,1735.6830656018276,9.248788391565656,41
2022-09-29,674.0930232558139,1562.2535647220614,8.839831380126261,41
2022-09-30,46224.775,2301.479584704392,8.073440944747473,40
2022-10-01,270.2,2670.5167016589758,3.6645747488723823,20
2022-10-02,477.8235294117647,3645.66692047433,2.732705231234321,17
2022-10-03,3735.945945945946,1677.1412266885814,6.6393395891831615,37
2022-10-04,414.3,1610.7454357524434,5.034985600901487,30
2022-10-05,5487.725,1846.2487034052087,6.283967907310429,40
2022-10-06,50353.833333333336,2265.1836349505675,9.872067012876615,41
2022-10-07,57403.09090909091,2370.1049533764162,15.249279476784457,33
2022-10-08,447.5,1436.4051849963203,4.761233984310167,19
2022-10-09,344.1333333333333,1573.5248866257575,2.866050864717783,15
2022-10-10,8183.096774193548,1230.4129131427503,6.932252932114645,31
2022-10-11,34011.32258064516,2930.6142816431034,4.099043168646788,31
2022-10-12,2074.95,1301.1583987480908,19.888861504696532,40
2022-10-13,314.22222222222223,2037.8106732744247,4.535546763912597,25
2022-10-14,348.44444444444446,1483.5233174922114,8.046477434513351,36
2022-10-15,329.3478260869565,2167.7216555380705,4.531682370085542,22
2022-10-16,1118.5263157894738,1172.897100728454,5.357779756999292,19
2022-10-17,7046.630434782609,1283.548662694824,13.576683824804038,45
2022-10-18,21519.184210526317,1941.2734413474361,8.02992927679486,37
2022-10-19,794.2432432432432,2128.977443686767,6.423693119897516,37
2022-10-20,431.61290322580646,1962.1573823536796,4.584067732828642,29
2022-10-21,562.0816326530612,1578.9707987015454,19.602995657465996,45
2022-10-22,430.0416666666667,1363.9601731010855,4.415107780058732,24
2022-10-23,44435.35294117647,2462.3136565472046,8.208405899897516,34
2022-10-24,319.9310344827586,1660.6841001507873,6.496661725968869,28
2022-10-25,387.54545454545456,1918.830085881612,3.7294837229894124,21
2022-10-26,2972.3333333333335,1292.018941936173,16.737662580789046,49
2022-10-27,2541.1627906976746,1277.4415041545499,13.741262066387243,42
2022-10-28,2347.904761904762,1299.0760135824146,11.741745817283618,42
2022-10-29,7604.607142857143,1131.893495620898,8.672867456113677,25
2022-10-30,8193.916666666666,1795.6653977247406,6.414859154411759,24
2022-10-31,3073.8275862068967,1635.839690313595,7.326031331535055,29
2022-11-01,50488.42857142857,2316.0423654758374,3.1233451309067495,21
2022-11-02,660.5294117647059,1359.4182622204075,2.8875637365532367,16
2022-11-03,3712.4545454545455,1438.4219303702287,6.559707486112769,32
2022-11-04,359.83870967741933,1657.926699695926,4.683002849880374,30
2022-11-05,349.77272727272725,2311.8369205482454,2.7301728729990873,22
2022-11-06,400.3809523809524,1718.4732759230578,2.432098989075981,21
2022-11-07,495.46875,2483.3112407839235,4.166178684553413,32
2022-11-08,777.4545454545455,1182.4042616220154,6.263638970078958,33
2022-11-09,1067.3076923076924,1436.2262690447153,6.5035610717789405,39
2022-11-10,7963.74358974359,1503.8038955999705,9.556151544331431,37
2022-11-11,8026.59375,1628.6592608767971,4.465166165652616,32
2022-11-12,1827.88,1238.7091629463387,9.187635808911955,25
2022-11-13,435.5,1135.100861947993,10.454199915167749,20
2022-11-14,22908.682926829268,1497.6114518227344,10.344957362394593,41
2022-11-15,1633.4,1358.2954398279903,3.9784547195276088,29
2022-11-16,1507.35,1759.7370292949413,5.77644441724653,38
2022-11-17,78061.75,2499.6456654105923,5.316572153705936,27
2022-11-18,629.8,2237.2461613513333,5.440986469610279,34
2022-11-19,364.65384615384613,1183.806502140839,4.906854603328455,26
2022-11-20,50791.75,2905.7988140172074,3.037120952941131,18
2022-11-21,335.29411764705884,1446.1303911876475,2.333471580059273,17
2022-11-22,7763.678571428572,1242.164458022597,4.641539392901542,28
2022-11-23,2607.0731707317073,1709.0089584959762,6.225521565440477,39
2022-11-24,345.8235294117647,1963.9959712316374,5.21403283098942,33
2022-11-25,742.5714285714286,2167.8426182931657,4.270636385308375,27
2022-11-26,328.23809523809524,1849.2828083805043,2.3290529979004546,20
2022-11-27,6406.294117647059,1662.2958543326042,2.1063563415458004,16
2022-11-28,31977.958333333332,2506.8901384308056,3.547798549797703,24
2022-11-29,24928.263157894737,1448.9037582863657,6.969359857566055,36
2022-11-30,528.7714285714286,3042.346079225606,9.609283598955038,33
2022-12-01,3311.684210526316,1434.8076074166656,7.11550454340732,37
2022-12-02,3052.529411764706,1420.418296537725,9.248437711900744,33
2022-12-03,22699.727272727272,2550.8099261193415,11.315907821295404,42
2022-12-04,38271.45,7458.555182064658,5.7108238598389,20
2022-12-05,5965.822222222222,2359.248598178291,7.752155493084046,44
2022-12-06,271.25,1758.605872992305,5.032632313148382,31
2022-12-07,1198.0,1818.7637028116728,8.296378398812802,39
2022-12-08,3168.7619047619046,1475.7087827059408,10.816154191467163,41
2022-12-09,4184.875,2972.8378279357726,7.559346633086932,32
2022-12-10,4964.666666666667,1449.449640216445,9.138939333302062,27
2022-12-11,306.2105263157895,1969.6167234751572,2.9002874921916733,19
2022-12-12,429.3333333333333,1755.9418439017134,7.171024986086252,29
2022-12-13,5217.386363636364,1455.3661827046935,10.68490164355667,44
2022-12-14,830.8947368421053,1628.003726537514,8.114378453289673,37
2022-12-15,4422.28,1374.9525905846876,13.693631511884952,49
2022-12-16,2522.942857142857,2129.6243160639706,7.623607006793526,35
2022-12-17,385.90625,1317.9438152837777,10.289383465380107,31
2022-12-18,369.26666666666665,972.157813120035,4.611078528186065,15
2022-12-19,2867.681818181818,1501.5160636856062,10.065000848415174,43
2022-12-20,6015.923076923077,1387.4640205536093,10.244873403904515,38
2022-12-21,48513.269230769234,2051.568433816429,16.162959228530653,51
2022-12-22,10897.666666666666,1433.984426645841,11.839234207807234,32
2022-12-23,66076.3,2695.6912411180147,5.600982145610742,29
2022-12-24,122022.18181818182,4278.069985906765,2.489805572308679,11
2022-12-25,3028.714285714286,668.52866032368,1.2353927808073588,7
2022-12-26,3783.722222222222,1491.4360463865871,8.944255347086333,35
2022-12-27,344.59375,2379.9303426397087,6.021953994755968,31
2022-12-28,560.3428571428572,1326.1244301313418,7.913710208801341,35
2022-12-29,1916.8333333333333,2255.4518979614404,5.899829285156196,34
2022-12-30,4097.25,2019.2574973760711,5.2747860415315,28
2022-12-31,280.75,1544.157268066341,2.0512085071642976,12
2023-01-01,370.5,1366.9293095205517,0.527356448260812,4
2023-01-02,2487.4444444444443,1471.0655313639074,7.886151847493513,35
2023-01-03,479.625,1430.3963450643505,4.789901243551263,23
2023-01-04,12916.033333333333,1591.4070641612782,6.267087292084302,29
2023-01-05,2739.4444444444443,1442.5490214247475,9.556620741764696,35
2023-01-06,7271.357142857143,1667.3214835675046,11.665054867297398,42
2023-01-07,889.2222222222222,1330.1104332934522,13.347106386605072,36
2023-01-08,997.9583333333334,1824.9162067812504,7.179905934138299,23
2023-01-09,365.2432432432432,1722.5514805027144,7.225386099701017,35
2023-01-10,3191.5882352941176,2087.084817214829,9.770879929322621,34
2023-01-11,35563.68421052631,2449.472571330791,7.370355296455141,36
2023-01-12,790.8333333333334,2021.3118052138439,8.276674281154536,41
2023-01-13,60594.066666666666,2541.44050221437,14.91179042286702,43
2023-01-14,38753.692307692305,1487.735416660103,9.140940088127534,26
2023-01-15,43468.04,2200.9979989819626,7.606822602711079,24
2023-01-16,46710.333333333336,1868.2318123405032,10.872998684221315,33
2023-01-17,394.51162790697674,1606.6706157524443,7.02244478511057,43
2023-01-18,3541.7714285714287,1554.3568299975127,7.902145015756776,35
2023-01-19,3187.064516129032,1200.2734925005964,8.565207238629444,29
2023-01-20,857.2702702702703,1230.7709109368839,9.5555977798363,36
2023-01-21,6132.692307692308,1270.094394331004,7.691602484516694,26
2023-01-22,60712.13636363636,2150.286020049678,5.089520542926965,22
2023-01-23,21621.51282051282,2473.10784841993,8.361427595664011,38
2023-01-24,3638.24,1663.5821598900095,12.542582340692745,49
2023-01-25,3535.8823529411766,1440.5497885264408,8.265318223560973,34
2023-01-26,22087.837209302324,1619.0213730050884,10.161818434987788,43
2023-01-27,476.4193548387097,2243.7290652869415,6.036663051873709,30
2023-01-28,26871.39285714286,2825.1469952722778,7.219045928489682,28
2023-01-29,408.7307692307692,1612.662348764274,5.974472702903105,26
2023-01-30,346.51063829787233,1372.9553340025611,14.217929880775369,47
2023-01-31,13942.142857142857,1734.333347677673,17.154639109272768,46
2023-02-01,50699.391304347824,2628.214255552124,9.080346966115657,46
2023-02-02,323.6216216216216,1506.0905328456226,6.59214469192211,34
2023-02-03,2425.6190476190477,1773.7711923668269,9.339135325073958,42
2023-02-04,25952.352941176472,1821.6265073734958,13.753778053099976,33
2023-02-05,34573.333333333336,2002.9714794144916,7.676978816491797,29
2023-02-06,261.80645161290323,2003.0816876957463,9.778253595458933,31
2023-02-07,471.0,1663.1532953880885,6.9592518065069084,30
2023-02-08,4394.125,1533.4752113656305,7.953691429339362,40
2023-02-09,13028.666666666666,1373.3726773881167,13.86326124324836,39
2023-02-10,460.57142857142856,1624.3396654709375,8.977797686875446,46
2023-02-11,5290.032258064516,1421.599296952375,7.304719082299074,30
2023-02-12,38936.142857142855,2084.7840629606894,4.088236414724599,19
2023-02-13,9812.75,1727.4514596226331,6.988113729329541,35
2023-02-14,446.4047619047619,2402.607558996901,15.611610899335295,41
2023-02-15,2357.3529411764707,1653.5917700444159,9.042035002638148,33
2023-02-16,2922.2075471698113,2205.318396478828,13.018260844938617,51
2023-02-17,282.5806451612903,1332.8401539053345,8.46967434712648,31
2023-02-18,1334.2432432432433,1561.3845019851337,9.298089400900967,35
2023-02-19,916.0909090909091,2241.2439371889595,5.538868512463967,22
2023-02-20,19860.261904761905,1888.8251374377896,9.729459509612747,42
2023-02-21,631.0980392156863,1600.4933004779205,14.4301470818207,49
2023-02-22,124849.29268292683,2080.8662426498477,15.020255499756562,38
2023-02-23,915.7777777777778,1690.5557259347881,6.827577594174781,35
2023-02-24,5693.604651162791,1852.692579348242,9.236420922832021,43
2023-02-25,42308.9,3352.834501362374,11.615109319216103,38
2023-02-26,298.7916666666667,1713.8138241536064,3.5779075549327604,22
2023-02-27,331.1666666666667,2204.2077742395704,5.213806518923076,29
2023-02-28,15743.075471698114,2001.453878662649,15.840620761856007,51
2023-03-01,6841.844444444445,1447.136818673307,16.1268855470298,44
2023-03-02,340.75,1547.6949740631885,13.202508905225459,39
2023-03-03,3049.6279069767443,1779.7365530832622,7.07057283578615,39
2023-03-04,2315.675675675676,1682.7783128926067,8.018380019810134,37
2023-03-05,57554.72,2909.1042118545406,5.717873466053776,25
2023-03-06,1050.658536585366,1533.0336440164808,7.795919023561003,40
2023-03-07,37297.74509803922,1675.917827479128,21.416035709008426,50
2023-03-08,3037.4375,2034.9041215441675,9.02072999230228,46
2023-03-09,348.0612244897959,2032.4285299340204,13.43646961830859,49
2023-03-10,18597.893617021276,1719.9923099633083,11.462992005366264,47
2023-03-11,951.8846153846154,3079.7419305306676,5.0744780217688,26
2023-03-12,731.030303030303,1717.7497571867884,10.396951849389968,33
2023-03-13,7159.463414634146,1756.1885584645217,11.62284978912477,39
2023-03-14,332.3953488372093,1698.659321241748,10.845410007986501,43
2023-03-15,13802.555555555555,1999.2044199406664,9.096654346268465,34
2023-03-16,304.54,1651.7805615567945,14.328802785562408,49
2023-03-17,6242.770833333333,2173.359016558789,10.96164465749615,45
2023-03-18,290.4583333333333,2935.716713694566,4.787249759075797,24
2023-03-19,296.16,2955.9357587122895,4.675629057951575,25
2023-03-20,365.8965517241379,1758.4940092562313,8.064764952617077,28
2023-03-21,3210.176470588235,2246.557413858373,8.763659740046439,33
2023-03-22,393.39473684210526,2359.33580691994,11.975933670441293,38
2023-03-23,33670.916666666664,1671.8815953209719,17.70930665025321,36
2023-03-24,3149.8823529411766,1424.1508219585166,8.712181691417074,32
2023-03-25,3063.2631578947367,1603.2413598818812,10.921304330842794,37
2023-03-26,418.42857142857144,1393.434015416081,3.3749969968549887,20
2023-03-27,46239.76666666667,3729.784389718842,8.251168316686725,30
2023-03-28,332.4,1516.0390282947053,14.051566477032228,40
2023-03-29,6804.707317073171,1371.7529158985874,11.682492977976262,41
2023-03-30,2086.3720930232557,2189.6145893677403,9.376517586335103,43
2023-03-31,960.2857142857143,1692.2645364330497,6.840640577873082,35
2023-04-01,290.28,2103.2812189940446,5.2334816732362075,25
2023-04-02,5761.541666666667,1595.3429968652063,6.897332590256563,24
2023-04-03,2443.75,3132.601181253832,11.75722372945887,52
2023-04-04,10070.15,2275.1805210904463,6.647600698762772,37
2023-04-05,22171.469387755104,2184.167254904971,8.827368989745356,47
2023-04-06,398.7692307692308,1490.9312303914392,6.3397461353403095,26
2023-04-07,46528.63636363636,2694.2308798219838,3.554195900097857,22
2023-04-08,427.27777777777777,2453.411833250383,3.6483253991385696,18
2023-04-09,2600.277777777778,2996.7044370122358,3.336440221281139,17
2023-04-10,809.5333333333333,1927.567447970847,5.531737916636197,28
2023-04-11,181149.17777777778,1788.1304529440886,15.204642811175832,42
2023-04-12,315.2,1666.6228456872582,10.946007905470552,35
2023-04-13,942.2,2193.0111599613742,11.262802630853253,45
2023-04-14,802.3333333333334,1630.1804874347833,7.809828414518075,32
2023-04-15,700.2702702702703,3932.534988767837,16.746645815600793,36
2023-04-16,2483.5333333333333,1505.7912277880985,12.758858984950797,28
2023-04-17,4036.4545454545455,1396.0067849027298,6.152655922087378,32
2023-04-18,2284.315789473684,3393.9252999199857,10.101538079852304,37
2023-04-19,1114.5526315789473,1947.2307445868205,6.789362193891373,37
2023-04-20,1614.15625,1802.7769951496718,9.375478935613597,31
2023-04-21,4634.829268292683,1386.4300008773996,7.303796597195969,38
2023-04-22,6828.972972972973,1853.7604637865206,17.247114721085605,36
2023-04-23,1790.625,910.6359962871711,4.302683853941396,15
2023-04-24,714.2954545454545,1858.7337649545827,12.32971277861489,40
2023-04-25,11463.955555555556,1500.5909655568448,10.869886657059007,43
2023-04-26,324.3157894736842,1579.4469440964488,6.45615838672478,37
2023-04-27,14125.229166666666,1595.636954073337,9.591933758969128,47
2023-04-28,477.375,1655.2063260546854,14.466739180147243,43
2023-04-29,331.7142857142857,1370.762235925099,8.311708426037136,34
2023-04-30,276.9375,1728.5339349437947,3.4557375117346916,16
2023-05-01,1190.8,1612.02806906852,7.227532479536872,32
2023-05-02,20917.613636363636,1571.5714033105753,16.445992880808664,44
2023-05-03,23065.475,1788.8277616254163,8.356211240554032,40
2023-05-04,43047.65217391304,2235.2756489354674,13.151867951110559,42
2023-05-05,3379.0689655172414,1829.73823762137,5.231858936901659,29
2023-05-06,4252.1578947368425,1444.003292083763,10.690657838976328,35
2023-05-07,381.42857142857144,1925.58124647665,4.141847994227545,20
2023-05-08,1818.155172413793,1719.6684843825171,13.774991853540087,56
2023-05-09,4517.76,1319.1141798656236,5.302140110100027,25
2023-05-10,316.74074074074076,1552.3477331961665,4.875537200248645,26
2023-05-11,422.71794871794873,1531.123222829734,7.4504310679897525,38
2023-05-12,29933.27027027027,2291.399423783952,7.0838309183102925,37
2023-05-13,597.3333333333334,1223.0466837919341,9.275037360605474,29
2023-05-14,13757.95652173913,2104.122147409539,4.358425958061005,23
2023-05-15,9270.18,1328.3978405213236,11.681283818555118,49
2023-05-16,1372.2272727272727,1785.4910254596289,8.321573081093797,39
2023-05-17,408.8157894736842,1494.4547476587038,8.300827722428002,37
2023-05-18,3778.3548387096776,1922.3277669185645,4.929496052840373,28
2023-05-19,22448.219512195123,1868.476093752824,9.72279843865382,39
2023-05-20,7113.08,1320.8819694465474,6.35114583739979,25
2023-05-21,300.04545454545456,2461.5888599154737,6.39244525609617,21
2023-05-22,4422.242424242424,2747.1075001164645,8.644726707148978,33
2023-05-23,6243.705882352941,1462.4633441476026,6.54091318443608,33
2023-05-24,127629.46153846153,3100.844657875857,8.07926023432508,38
2023-05-25,1279.9782608695652,1676.8083081554503,7.921349295906603,43
2023-05-26,1114.3947368421052,1506.0799310173156,10.480656417378652,38
2023-05-27,477.42857142857144,2103.006634180788,5.029155518835549,27
2023-05-28,1493.9444444444443,1330.128724706607,4.163745910732267,17
2023-05-29,3025.8,1497.0919368110694,7.213627571650966,39
2023-05-30,381.44444444444446,1789.1140238991975,6.819140817030663,35
2023-05-31,833.6388888888889,2154.6513891899913,8.259770393235984,35
2023-06-01,5677.264705882353,1679.0743972503733,6.947487688824443,34
2023-06-02,41305.72727272727,2888.315779862863,7.91913442755021,42
2023-06-03,301.0,1288.4471645943715,5.005107807305726,26
2023-06-04,4392.652173913043,1279.3316690774293,5.433900382376171,23
2023-06-05,21533.894736842107,1728.1870953356909,9.745612985368943,37
2023-06-06,281.75757575757575,1130.7895277754353,6.105522843580791,30
2023-06-07,3782.7,1950.7264675058873,8.96787648915755,40
2023-06-08,3094.866666666667,1362.9164518328714,5.066566371129022,29
2023-06-09,5503.551724137931,1857.074134501823,4.7828636011226715,27
2023-06-10,1788.095238095238,1377.952553233466,3.561972379997303,21
2023-06-11,337.5,941.5845368881119,2.03220075321699,14
2023-06-12,1003.5897435897435,1835.2988891564205,9.613218501991629,37
2023-06-13,3166.342105263158,1990.0144537358776,8.462102343384812,37
2023-06-14,210887.0465116279,5142.14930517999,7.9358158288639515,40
2023-06-15,12686.1875,1536.3998246190595,8.474511016677631,31
2023-06-16,340.1111111111111,1138.1257027493443,5.017139140181779,26
2023-06-17,63028.69565217391,2092.732460830435,5.018317403064506,23
2023-06-18,377.15384615384613,852.706156156058,3.7659161701163955,13
2023-06-19,392.2121212121212,1608.8680701584617,7.33527673419224,32
2023-06-20,386.5806451612903,1520.499100256181,5.584190444160337,31
2023-06-21,453.0285714285714,1281.2601848622878,8.000043141105925,34
2023-06-22,351.5405405405405,1212.0097313224944,6.352156844890869,35
2023-06-23,1951.2424242424242,1061.6261238702577,8.173120397873255,30
2023-06-24,1242.7222222222222,1372.8430389477132,10.735117222945181,35
2023-06-25,437.72222222222223,849.1465320822366,3.9232545859418577,17
2023-06-26,27553.863636363636,1604.1470697458194,10.023205727723417,44
2023-06-27,3463.3488372093025,2025.1654702820288,10.021262909554974,41
2023-06-28,342.8888888888889,1235.3440012685667,8.013310130146989,43
2023-06-29,13881.142857142857,1518.510864347067,6.313071060807186,28
2023-06-30,2154.2285714285713,1244.372275131451,6.691481596193016,34
2023-07-01,796.8275862068965,1273.8296980154205,5.468096298731101,29
2023-07-02,25966.90322580645,1095.159014813262,10.963750519293038,30
2023-07-03,21342.25806451613,1948.5285152116394,5.732462259541741,31
2023-07-04,622.4736842105264,1669.2994250422948,6.750680030345316,37
2023-07-05,28814.91891891892,2811.7397519364235,7.022245637647488,33
2023-07-06,4437.5,1552.97748366348,9.811431794357773,40
2023-07-07,2083.6,1924.8526778088592,10.929801394402087,42
2023-07-08,6633.62962962963,1531.270795673712,4.456672037705181,24
2023-07-09,289.4736842105263,1177.4635090899167,6.943259529446465,19
2023-07-10,21057.444444444445,1941.4889356809012,12.241177511111953,43
2023-07-11,1270.1081081081081,1497.5841029170472,8.984230218687204,34
2023-07-12,4254.116279069767,1282.975856872399,12.13715502854084,42
2023-07-13,4922.189189189189,1465.5477708100382,9.304665271838585,36
2023-07-14,664.8085106382979,2613.517711474749,12.186280913953423,44
2023-07-15,5824.178571428572,1956.4138874049113,5.261817363164254,27
2023-07-16,577.1304347826087,1483.7990954255163,4.7705701555120585,23
2023-07-17,1187.4857142857143,1191.063514079011,9.855570454817284,33
2023-07-18,3650.684210526316,1680.176951436791,8.902593197948534,38
2023-07-19,612.1111111111111,1470.1793340894865,13.510677424301731,41
2023-07-20,22239.763157894737,1925.51945787728,9.364111642453551,33
2023-07-21,2974.2,1291.7864903111683,11.698594607101791,42
2023-07-22,1253.611111111111,1505.2921801985065,10.815513570269562,34
2023-07-23,422.11764705882354,2073.650438803214,4.4098837801429545,16
2023-07-24,23643.583333333332,1680.2918753615847,17.571867005085593,44
2023-07-25,3300.4358974358975,2254.0411268760204,7.811984935198973,35
2023-07-26,15705.685714285713,3222.3818875567395,8.54626240752088,31
2023-07-27,2345.6,1394.2268165336916,8.405446009728173,44
2023-07-28,333.80645161290323,1433.1141695227855,5.869677298276669,30
2023-07-29,4881.611111111111,1178.48196898032,3.9858628676224694,18
2023-07-30,3973.35,1319.013356641944,4.047499082760366,18
2023-07-31,39021.857142857145,2175.8394030649006,12.737184434667094,37
2023-08-01,397.5405405405405,1853.3938783468282,11.712493613139781,35
2023-08-02,348.5,1151.0729834703432,9.71779052539886,28
2023-08-03,7630.369565217391,1675.8409748026131,10.92676540493043,43
2023-08-04,409.8787878787879,1361.4617647812904,5.481355475948664,30
2023-08-05,343.1034482758621,2555.620221384272,6.941932452839633,28
2023-08-06,723.2857142857143,1249.2833191886498,8.157471881958358,21
2023-08-07,2217.1315789473683,1131.3683553876247,11.06213860126971,36
2023-08-08,285.42857142857144,1775.940041727398,7.462238458253586,32
2023-08-09,3386.2444444444445,1978.440082308321,9.973454951826673,42
2023-08-10,758.25,1301.8650566050812,10.42602411691772,35
2023-08-11,13550.0,2779.214287372429,5.595733136522255,28
2023-08-12,299.1951219512195,1062.2585130146856,7.954570141941807,36
2023-08-13,1874.9,1250.5659476294225,8.976118664056928,20
2023-08-14,1349.3333333333333,3898.407969628214,6.232944103338829,31
2023-08-15,20620.0,2058.2582978623273,8.213777864284944,36
2023-08-16,4524.108108108108,1429.1737583803226,10.376441808670952,36
2023-08-17,22684.878787878788,1742.647066345624,6.217892157863968,33
2023-08-18,27973.702702702703,3577.0382266963175,9.001415608003814,35
2023-08-19,3335.6216216216217,2055.577055969365,10.43441694915567,35
2023-08-20,373.89473684210526,1349.771850338582,6.268041016580154,19
2023-08-21,7848.878048780488,1697.1754892345596,6.981685464314149,40
2023-08-22,3136.972222222222,1308.8709313260754,8.059084270345114,34
2023-08-23,24346.11111111111,3641.757191664855,9.941686490448115,40
2023-08-24,2988.8684210526317,2861.7957591889544,10.675084622706596,36
2023-08-25,33782.73333333333,1957.269720562596,10.348895227100883,44
2023-08-26,1169.3243243243244,1288.239015026544,10.188704620198196,34
2023-08-27,354.27272727272725,1254.4804137282176,2.3247259757591885,11
2023-08-28,993.8148148148148,1862.0815936902652,7.12504489653004,26
2023-08-29,4710.09375,1408.1278567937225,6.538972199574129,31
2023-08-30,11597.177777777777,3497.4614800706872,9.641828076154416,40
2023-08-31,1353.6279069767443,1436.361252382667,11.146719343029245,40
2023-09-01,481.0425531914894,1548.283208233365,9.915266906814102,45
2023-09-02,3972.439024390244,2578.8932733691686,10.659160310489174,41
2023-09-03,426.6111111111111,1394.8772858716545,9.376333090709782,34
2023-09-04,403.2068965517241,1165.7371198339197,5.252742887123603,28
2023-09-05,11757.448979591836,1876.1436170506993,9.149882353992439,45
2023-09-06,10909.81081081081,1501.4001910951447,6.250510495440688,35
2023-09-07,6038.590909090909,3362.1309500984357,10.384453666587563,42
2023-09-08,282.9714285714286,1609.6771323903808,6.744405907989261,34
2023-09-09,1348.375,1467.9706414643938,3.056488185956626,16
2023-09-10,1162.483870967742,2463.3059734313024,5.825964017016458,31
2023-09-11,466.0,5290.489477205718,4.121076089886565,25
2023-09-12,319.4193548387097,1812.953356151899,5.128707776332723,29
2023-09-13,5322.766666666666,2798.7203254805995,4.9451658476352724,28
2023-09-14,350.64285714285717,2019.7935928394384,5.22033117206897,27
2023-09-15,31895.64864864865,1253.9620796408462,8.445160384467826,35
2023-09-16,68780.625,2695.244373970384,5.538265897317847,15
2023-09-17,374.5,1613.7943373181279,3.1807847942069563,20
2023-09-18,387.875,1084.184241218295,9.478513624963448,31
2023-09-19,411.35897435897436,1540.571095573864,9.661245653349281,39
2023-09-20,16106.4,1678.304025593871,6.314078063844874,34
2023-09-21,369.4634146341463,1627.603494036038,5.932640077263144,39
2023-09-22,10055.645161290322,1401.967889845501,6.023895741025314,30
2023-09-23,4703.571428571428,1571.7457181081725,7.608974156027277,35
2023-09-24,347.0,1346.4658494321054,4.458498767485685,17
2023-09-25,326.58620689655174,1442.1064346022204,5.087214288403955,27
2023-09-26,385.0232558139535,2087.9644209161565,7.531960216215421,43
2023-09-27,1943.5555555555557,1450.9207190545112,7.222871229815683,36
2023-09-28,379.0,3824.623614172437,6.59891968280116,38
2023-09-29,5756.214285714285,3525.171672485734,3.3966969881672577,27
2023-09-30,541.92,4259.744144219317,2.760039877170183,25
2023-10-01,382.6875,1173.1179666359085,3.1629148070243898,16
2023-10-02,328.30555555555554,2002.2366786053005,5.768659044739835,33
2023-10-03,862.5434782608696,1220.0605974139794,11.029244965396746,44
2023-10-04,16014.48275862069,1157.7570782890853,4.808442117030894,27
2023-10-05,26888.43181818182,3026.3509787906905,7.49758982355447,41
2023-10-06,49367.65957446808,2478.087769914234,11.331699597855282,46
2023-10-07,1140.84,1152.9469803459942,5.699209267715446,25
2023-10-08,549.25,1422.9953095107742,7.0394479677154465,20
2023-10-09,1202.404255319149,1584.0081974174689,12.117565933905688,44
2023-10-10,354.53125,2063.4014509157782,4.510218688798372,30
2023-10-11,610.1379310344828,1254.2395290587963,4.833503621440649,28
2023-10-12,3662.242424242424,1425.1520929199862,5.5743612243479665,31
2023-10-13,34105.64705882353,2491.3194413886813,6.929218188723576,32
2023-10-14,408.0,1502.1149131203204,4.169258372390242,24
2023-10-15,295.7083333333333,1427.9684962242627,6.026492710398373,24
2023-10-16,6142.5675675675675,1702.2266763109399,7.562984073473169,36
2023-10-17,5661.071428571428,1259.6137790916018,4.213899068481299,27
2023-10-18,470.5,1228.415082369293,5.3437564372146324,30
2023-10-19,615.5483870967741,1107.3183163495019,7.33099419090569,29
2023-10-20,1367.3,1782.4731425176576,5.84678757051382,30
2023-10-21,38845.0,1813.4055779898488,5.433276029990243,29
2023-10-22,22483.026315789473,1366.8283052444974,10.74385571174634,33
2023-10-23,343.94117647058823,1590.0573278104525,7.001569599639024,31
2023-10-24,682.0384615384615,1383.9814038965314,5.044031273398373,25
2023-10-25,13062.03125,1538.8882103250166,6.8345957564894295,31
2023-10-26,667.918918918919,1922.2425618035254,9.14450162669756,36
2023-10-27,1937.5666666666666,1367.649856256987,5.7711552374569095,30
2023-10-28,591.5428571428571,1257.3783472809773,9.143616617572356,35
2023-10-29,294.6666666666667,2174.711281699919,7.535521772931705,26
2023-10-30,304.6756756756757,1792.8518016949954,10.26893216887317,36
2023-10-31,339.59375,1114.9069320617396,7.169127559448778,31
2023-11-01,905.0384615384615,1354.2915940881176,6.216639301231141,25
2023-11-02,2460.9565217391305,2515.0224185824213,9.787581760367438,23
2023-11-03,522.8965517241379,1560.0302023258957,8.885125465328976,29
2023-11-04,1701.25,942.6547520397368,9.364707252636668,28
2023-11-05,300.8333333333333,1217.238454379103,5.473244892947721,24
2023-11-06,706.1176470588235,1300.6791622462645,6.2747035686855845,33
2023-11-07,340.2040816326531,1603.0916771719162,11.32112204054929,48
2023-11-08,10205.5,1931.5592382403265,13.52346508086781,42
2023-11-09,357.85,1552.8281460527899,8.210404506003732,40
2023-11-10,2232.1951219512193,1604.8061259482738,14.460411285941,40
2023-11-11,38042.9,2534.9860070958052,7.647406376283419,30
2023-11-12,5332.3125,1798.838070688312,10.24404800742345,30
2023-11-13,24942.08108108108,1620.7483315073748,12.614434522661313,37
2023-11-14,71017.16216216216,2775.9137315715298,8.994129135052649,36
2023-11-15,12789.70588235294,2650.74763014741,7.974512959105301,33
2023-11-16,5109.558823529412,1447.2372781829552,7.359736173734501,33
2023-11-17,735.3,2487.10213091952,11.18904198082188,39
2023-11-18,409.5135135135135,2081.623698244185,13.332028833171767,35
2023-11-19,8790.916666666666,1545.2110011083478,6.0288274996680355,23
2023-11-20,12452.392857142857,1398.4416634173742,7.09762874928342,28
2023-11-21,568.0952380952381,1469.5651286363068,13.418397643846525,41
2023-11-22,483.19444444444446,2774.583612768117,9.573501359059744,35
2023-11-23,2617.2051282051284,1443.4991446067409,7.238031950566839,38
2023-11-24,5306.820512820513,2029.48610342308,13.908166354377892,38
2023-11-25,934.8048780487804,1199.1556297381708,11.498574165140028,39
2023-11-26,1835.25,995.4177004929563,4.994100501849887,19
2023-11-27,2592.1052631578946,1603.737682706158,10.75047210899701,34
2023-11-28,19824.255319148935,1871.9349265827377,13.707224648752051,46
2023-11-29,3499.5714285714284,1706.220591656342,9.746220101993277,33
2023-11-30,9710.375,2974.3637747893595,7.308021871448785,31
2023-12-01,5041.547619047619,1666.2719283866747,9.187199152377449,41
2023-12-02,1012.6,1825.7365371052554,12.867702294136697,40
2023-12-03,616.8518518518518,875.1506316636414,8.202652940927022,26
2023-12-04,51362.15,3566.166924927695,6.910464993210258,38
2023-12-05,629.875,1684.0595334663974,7.573482481434969,30
2023-12-06,368.5238095238095,1523.2073898643891,7.889578816418865,39
2023-12-07,415.05405405405406,1469.075777410355,6.190953879166635,36
2023-12-08,2429.7291666666665,2548.506988022957,7.171357717494923,47
2023-12-09,94424.95833333333,3124.088982459263,4.002379583178539,23
2023-12-10,417.44444444444446,4997.152226216518,1.262612042979937,9
2023-12-11,65174.833333333336,2739.657970317174,2.8439907000757447,17
2023-12-12,397.94594594594594,1511.1904860650773,5.90852144757728,37
2023-12-13,392.76,1301.312354495624,4.712396155717207,24
2023-12-14,5730.970588235294,1820.069068794787,6.52819011153138,33
2023-12-15,379.6666666666667,1623.9557293168752,10.598270928811123,37
2023-12-16,11307.791666666666,1974.4022529704944,5.4214312835013265,24
2023-12-17,53115.15,2237.6810837886565,5.198085717896475,19
2023-12-18,1556.5,1542.7866684107958,4.636754624700242,27
2023-12-19,286.8974358974359,1836.7004953865649,7.093794925897695,38
2023-12-20,1675.804347826087,1484.5883113096552,10.44449147129092,45
2023-12-21,1233.0222222222221,1718.628182740673,10.235630634340813,44
2023-12-22,13469.030303030304,1801.3450021363371,6.166328719997983,33
2023-12-23,765.9047619047619,2027.640170032866,4.239849318226362,20
2023-12-24,334.3,1355.5368954928413,1.4846630753411554,10
2023-12-25,234.7,1244.890059272894,1.7405710639769434,10
2023-12-26,851.0769230769231,1685.2995978834406,7.568618530814014,38
2023-12-27,441.4848484848485,1906.396802021176,6.146474006717032,32
2023-12-28,4050.6666666666665,2179.181384332548,6.711495487814118,41
2023-12-29,2852.4545454545455,1684.1718363526572,5.566322772011955,32
2023-12-30,633.8125,2873.6100805030555,3.0255117299571683,15
2023-12-31,25765.285714285714,2184.3060845550885,2.3964585807016583,13
